-- phpMyAdmin SQL Dump
-- version 4.5.4.1deb2ubuntu2
-- http://www.phpmyadmin.net
--
-- Host: localhost
-- Generation Time: Mar 27, 2017 at 10:17 AM
-- Server version: 5.7.17-0ubuntu0.16.04.1
-- PHP Version: 7.0.15-0ubuntu0.16.04.4

SET SQL_MODE = "NO_AUTO_VALUE_ON_ZERO";
SET time_zone = "+00:00";


/*!40101 SET @OLD_CHARACTER_SET_CLIENT=@@CHARACTER_SET_CLIENT */;
/*!40101 SET @OLD_CHARACTER_SET_RESULTS=@@CHARACTER_SET_RESULTS */;
/*!40101 SET @OLD_COLLATION_CONNECTION=@@COLLATION_CONNECTION */;
/*!40101 SET NAMES utf8mb4 */;

--
-- Database: `vncserver`
--

-- --------------------------------------------------------

--
-- Table structure for table `application`
--

CREATE TABLE `application` (
  `id_application` int(11) NOT NULL COMMENT 'id приложения',
  `name` varchar(45) DEFAULT NULL COMMENT 'название',
  `describe` varchar(45) DEFAULT NULL COMMENT 'описание'
) ENGINE=InnoDB DEFAULT CHARSET=utf8 COMMENT='Таблица приложений запускаемых на сервере';

--
-- Dumping data for table `application`
--

INSERT INTO `application` (`id_application`, `name`, `describe`) VALUES
(1, 'default', 'команды операционной систем'),
(2, 'LibreOffice', 'Свободный прикладной пакет офисных приложений'),
(3, 'ThunderBird', 'Программа для работы с электронной почтой'),
(4, 'gedit', 'Текстовый блокнот'),
(5, 'Firefox', 'Браузер для выхода на веб ресурсы'),
(6, 'rhythmbox', 'музыкальный проигрыватель'),
(7, 'calc', 'калькулятор');

-- --------------------------------------------------------

--
-- Table structure for table `available_commands`
--

CREATE TABLE `available_commands` (
  `id` int(11) NOT NULL,
  `id_command` int(11) NOT NULL
) ENGINE=InnoDB DEFAULT CHARSET=utf8;

--
-- Dumping data for table `available_commands`
--

INSERT INTO `available_commands` (`id`, `id_command`) VALUES
(0, 1),
(1, 2),
(2, 4),
(3, 5),
(4, 6),
(5, 8),
(6, 9),
(7, 10),
(8, 11),
(9, 12),
(10, 13),
(11, 14),
(12, 15),
(13, 16),
(14, 27),
(15, 28),
(16, 29),
(17, 30),
(18, 31),
(19, 32),
(20, 36),
(21, 37),
(22, 38),
(23, 39),
(24, 40),
(25, 42),
(26, 47);

-- --------------------------------------------------------

--
-- Table structure for table `commands`
--

CREATE TABLE `commands` (
  `id_command` int(11) NOT NULL,
  `id_application` int(11) NOT NULL,
  `message` varchar(80) NOT NULL,
  `answer` varchar(45) NOT NULL,
  `console` varchar(60) NOT NULL,
  `start_application` int(11) DEFAULT NULL
) ENGINE=InnoDB DEFAULT CHARSET=utf8;

--
-- Dumping data for table `commands`
--

INSERT INTO `commands` (`id_command`, `id_application`, `message`, `answer`, `console`, `start_application`) VALUES
(1, 1, 'ева запусти браузер', 'браузер был успешно запущен', 'exec firefox &', 5),
(2, 1, 'ева запусти офис', 'офис был успешно запущен', 'exec libreoffice &', 2),
(4, 1, 'ева открой почту', 'почтовый клиент был успешно запущен', 'exec thunderbird &', 3),
(5, 1, 'ева запусти блокнот', 'блокнот был успешно открыт', 'exec gedit &', 4),
(6, 1, 'ева открой блокнот', 'блокнот был открыт', 'exec gedit &', 4),
(8, 1, 'ева открой браузер', 'браузер был успешно запущен', 'exec firefox &', 5),
(9, 1, 'ева открой новости', 'показ новостей от системы поиска яндекс', 'exec firefox http://news.yandex.ru &', 5),
(10, 1, 'ева закрой приложение', '', 'xdotool key Alt + F4', 1),
(11, 1, 'ева переключи приложение', '', 'xdotool keydown Alt + Tab keyup Alt + Tab', 1),
(12, 1, 'ева влево', '', 'xdotool mousemove_relative -- -10 0', 0),
(13, 1, 'ева вправо', '', 'xdotool mousemove_relative -- 10 0', 0),
(14, 1, 'ева вверх', '', 'xdotool mousemove_relative -- 0 -10', 0),
(15, 1, 'ева вниз', '', 'xdotool mousemove_relative -- 0 10', 0),
(16, 1, 'ева кликни', '', 'xdotool click 1', 0),
(17, 3, 'ева покажи главное окно почты', '', 'xdotool key ctrl+1', 3),
(18, 3, 'ева напиши новое сообщение ', '', 'xdotool key ctrl+N', 3),
(19, 3, 'ева отправь новое сообщение немедленно', '', 'xdotool key ctrl+enter', 3),
(20, 3, 'ева отправь новое сообщение позже ', '', 'xdotool key ctrl+shift+enter', 3),
(21, 3, 'ева перейди к следующему сообщению', '', 'xdotool key f', 3),
(22, 3, 'ева перейди к предыдущему сообщению', '', 'xdotool key b', 3),
(23, 3, 'ева перейди к следующему новому сообщению', '', 'xdotool key n', 3),
(24, 3, 'ева перейди к предыдущему непрочитанному сообщению', '', 'xdotool key p', 3),
(25, 3, 'ева закрой почту', 'почта закрыта', 'xdotool key ctrl+q', 1),
(27, 5, 'ева открой новую вкладку', '', 'xdotool key ctrl+t', 5),
(28, 5, 'ева закрой вкладку ', '', 'xdotool key ctrl+W', 5),
(29, 5, 'ева следующая вкладка', '', 'xdotool key ctrl+tab', 5),
(30, 5, 'ева предыдущая вкладка', '', 'xdotool key ctrl+shift+tab', 5),
(31, 5, 'ева обнови страницу', '', 'xdotool key f5', 5),
(33, 6, 'ева останови (закрой) музыку', '', 'xdotool key ctrl+q', 6),
(34, 6, 'ева воспроизведи музыку', '', 'xdotool key ctrl+p', 6),
(35, 6, 'ева сделай паузу', '', 'xdotool key ctrl+p', 6),
(36, 1, 'ева сделай громче', '', 'amixer -D pulse set Master 5%+', 6),
(37, 1, 'ева сделай тише', '', 'amixer -D pulse set Master 5%-', NULL),
(38, 1, 'ева выключи звук ', '', 'amixer -D pulse set Master 0%', NULL),
(39, 1, 'ева сделай скриншот', '', 'gnome-screenshot', NULL),
(40, 1, 'ева открой калькулятор ', '', 'gnome-calculator', 7),
(41, 7, 'ева закрой калькулятор', '', 'xdotool key Alt + f4', NULL),
(42, 1, 'ева открой терминал', '', 'xdotool key Ctrl + Alt + T', NULL),
(43, 6, 'ева следующий трек', '', 'xdotool key ctrl+right', NULL),
(44, 6, 'ева предыдущий трек', '', 'xdotool key ctrl+left', NULL),
(45, 6, 'ева сделай громче', '', 'xdotool key ctrl+up', NULL),
(46, 6, 'ева сделай тише', '', 'xdotool key ctrl+down', 6),
(47, 1, 'ева запусти почту', 'почтовый клиент был успешно запущен', 'thunderbird &', 3);

-- --------------------------------------------------------

--
-- Table structure for table `history`
--

CREATE TABLE `history` (
  `date` timestamp NULL DEFAULT NULL,
  `id_command` int(11) NOT NULL
) ENGINE=InnoDB DEFAULT CHARSET=utf8;

--
-- Dumping data for table `history`
--

INSERT INTO `history` (`date`, `id_command`) VALUES
('2017-03-16 14:27:29', 4),
('2017-03-16 14:49:32', 4),
('2017-03-16 14:51:06', 4),
('2017-03-16 14:51:13', 4),
('2017-03-16 14:52:22', 2),
('2017-03-16 14:53:37', 2),
('2017-03-17 10:49:15', 4),
('2017-03-17 10:49:24', 4),
('2017-03-17 10:49:52', 4),
('2017-03-17 10:50:02', 4),
('2017-03-17 10:50:19', 4),
('2017-03-17 11:32:25', 4),
('2017-03-18 05:02:52', 4),
('2017-03-18 05:06:02', 1),
('2017-03-18 06:48:32', 4),
('2017-03-18 06:52:53', 4),
('2017-03-18 12:38:31', 4),
('2017-03-18 12:43:19', 4),
('2017-03-18 16:29:25', 4),
('2017-03-18 16:29:25', 4),
('2017-03-18 16:29:26', 4),
('2017-03-18 16:33:35', 4),
('2017-03-18 16:33:35', 4),
('2017-03-18 16:33:35', 4),
('2017-03-18 16:34:22', 4),
('2017-03-18 16:34:22', 4),
('2017-03-18 16:34:22', 4),
('2017-03-18 16:35:20', 4),
('2017-03-18 16:35:21', 4),
('2017-03-18 16:35:22', 4),
('2017-03-18 16:36:11', 4),
('2017-03-18 16:36:12', 4),
('2017-03-18 16:36:13', 4),
('2017-03-18 16:37:22', 4),
('2017-03-18 16:37:23', 4),
('2017-03-18 16:37:24', 4),
('2017-03-18 16:40:05', 4),
('2017-03-18 16:40:06', 4),
('2017-03-18 16:40:07', 4),
('2017-03-18 16:45:48', 4),
('2017-03-18 16:45:51', 4),
('2017-03-18 16:45:53', 4),
('2017-03-18 16:48:09', 4),
('2017-03-18 16:48:11', 4),
('2017-03-18 16:48:14', 4),
('2017-03-18 16:52:18', 4),
('2017-03-18 16:52:20', 4),
('2017-03-18 16:52:23', 4),
('2017-03-18 16:54:19', 4),
('2017-03-18 16:54:26', 4),
('2017-03-18 16:54:32', 4),
('2017-03-18 16:58:14', 4),
('2017-03-18 16:58:21', 4),
('2017-03-18 16:58:26', 4),
('2017-03-18 17:00:09', 4),
('2017-03-18 17:00:15', 4),
('2017-03-18 17:00:21', 4),
('2017-03-18 17:24:12', 4),
('2017-03-18 17:24:46', 4),
('2017-03-18 17:26:54', 4),
('2017-03-18 17:26:59', 4),
('2017-03-18 17:31:03', 1),
('2017-03-18 17:31:32', 47),
('2017-03-18 17:31:42', 47),
('2017-03-18 17:31:49', 4),
('2017-03-18 17:32:04', 6),
('2017-03-18 17:32:12', 9),
('2017-03-18 17:35:00', 4),
('2017-03-18 17:38:03', 4),
('2017-03-18 17:40:33', 4),
('2017-03-18 17:42:29', 4),
('2017-03-19 07:20:33', 4),
('2017-03-19 07:20:39', 4),
('2017-03-19 07:20:44', 4),
('2017-03-19 07:26:49', 4),
('2017-03-19 07:26:57', 4),
('2017-03-19 07:27:02', 4),
('2017-03-19 08:52:17', 4),
('2017-03-19 08:52:26', 5),
('2017-03-19 08:55:11', 13),
('2017-03-19 08:55:17', 4),
('2017-03-19 08:55:28', 6),
('2017-03-19 14:26:11', 2),
('2017-03-19 14:26:25', 5),
('2017-03-19 14:57:30', 5),
('2017-03-19 15:38:30', 5),
('2017-03-19 15:38:58', 4),
('2017-03-19 15:42:23', 4),
('2017-03-19 15:45:22', 2),
('2017-03-19 15:47:03', 4),
('2017-03-19 15:49:25', 4),
('2017-03-19 16:00:33', 4),
('2017-03-19 16:01:43', 2),
('2017-03-19 16:03:59', 2),
('2017-03-19 16:04:06', 4),
('2017-03-19 16:04:34', 4),
('2017-03-19 16:04:55', 47),
('2017-03-19 16:07:01', 4),
('2017-03-19 16:09:13', 4),
('2017-03-19 16:11:30', 4),
('2017-03-19 16:11:47', 9),
('2017-03-19 16:11:59', 9),
('2017-03-20 02:15:50', 14),
('2017-03-20 02:16:05', 15),
('2017-03-20 02:16:13', 15),
('2017-03-20 02:17:06', 4),
('2017-03-20 02:18:20', 15),
('2017-03-20 02:18:47', 15),
('2017-03-20 02:19:36', 15),
('2017-03-20 02:20:06', 15),
('2017-03-20 02:51:21', 4),
('2017-03-20 02:52:55', 4),
('2017-03-20 02:59:31', 4),
('2017-03-20 03:01:25', 15),
('2017-03-21 07:44:25', 4),
('2017-03-21 07:44:36', 4),
('2017-03-21 07:44:46', 4),
('2017-03-21 07:59:03', 4),
('2017-03-21 07:59:12', 4),
('2017-03-21 07:59:22', 4),
('2017-03-21 08:12:37', 4),
('2017-03-21 08:12:48', 4),
('2017-03-21 08:12:58', 4),
('2017-03-21 08:38:10', 4),
('2017-03-21 08:38:20', 4),
('2017-03-21 08:52:03', 4),
('2017-03-21 08:55:32', 4),
('2017-03-21 08:57:35', 4),
('2017-03-21 08:59:03', 4),
('2017-03-21 09:02:32', 4),
('2017-03-21 09:04:07', 4),
('2017-03-21 09:05:04', 4),
('2017-03-21 09:06:38', 4),
('2017-03-21 09:08:20', 47),
('2017-03-21 09:10:27', 4),
('2017-03-21 09:15:22', 4),
('2017-03-21 09:17:12', 4),
('2017-03-21 09:19:19', 4),
('2017-03-21 09:23:04', 4),
('2017-03-21 09:25:39', 4),
('2017-03-21 09:27:37', 4),
('2017-03-21 09:27:46', 4),
('2017-03-21 09:27:57', 4),
('2017-03-21 10:21:31', 4),
('2017-03-21 10:21:54', 4),
('2017-03-21 10:22:16', 4),
('2017-03-21 10:30:45', 4),
('2017-03-21 10:30:56', 4),
('2017-03-21 10:31:06', 4),
('2017-03-21 10:31:44', 4),
('2017-03-21 10:38:16', 4),
('2017-03-21 10:39:44', 4),
('2017-03-21 10:40:50', 4),
('2017-03-21 10:42:02', 4),
('2017-03-21 10:43:01', 4),
('2017-03-21 10:52:17', 4),
('2017-03-21 10:53:36', 4),
('2017-03-21 10:54:58', 4),
('2017-03-21 10:56:44', 4),
('2017-03-21 10:56:53', 4),
('2017-03-21 10:57:07', 4),
('2017-03-21 10:59:33', 4),
('2017-03-21 10:59:45', 4),
('2017-03-21 10:59:54', 4),
('2017-03-21 11:03:03', 4),
('2017-03-21 11:03:14', 4),
('2017-03-21 11:03:26', 4),
('2017-03-21 11:11:27', 4),
('2017-03-21 11:11:35', 4),
('2017-03-21 11:11:44', 4),
('2017-03-21 11:12:14', 14),
('2017-03-21 11:24:09', 4),
('2017-03-21 11:24:18', 4),
('2017-03-21 11:24:25', 4),
('2017-03-21 11:25:00', 25),
('2017-03-21 11:25:33', 15),
('2017-03-21 11:26:49', 4),
('2017-03-21 11:26:58', 4),
('2017-03-21 11:27:07', 4),
('2017-03-21 11:27:28', 15),
('2017-03-21 12:28:28', 4),
('2017-03-21 12:29:16', 25),
('2017-03-21 12:37:33', 4),
('2017-03-21 12:37:41', 4),
('2017-03-21 12:37:52', 4),
('2017-03-21 12:38:21', 25),
('2017-03-26 00:19:37', 4),
('2017-03-26 00:19:47', 4),
('2017-03-26 00:19:56', 4),
('2017-03-26 00:38:14', 4),
('2017-03-26 00:39:03', 14),
('2017-03-26 00:42:58', 4),
('2017-03-26 00:43:07', 4),
('2017-03-26 00:43:16', 4),
('2017-03-26 00:43:31', 4),
('2017-03-26 00:44:07', 25),
('2017-03-26 00:44:20', 9),
('2017-03-26 00:44:55', 12),
('2017-03-26 00:49:50', 4),
('2017-03-26 00:50:49', 47),
('2017-03-26 00:54:52', 4),
('2017-03-26 00:55:31', 25),
('2017-03-26 00:57:49', 4),
('2017-03-26 01:02:56', 4),
('2017-03-26 01:09:14', 14),
('2017-03-26 01:12:20', 4),
('2017-03-26 01:12:53', 12),
('2017-03-26 01:16:01', 4),
('2017-03-26 01:16:53', 25),
('2017-03-26 01:17:50', 9),
('2017-03-26 01:18:51', 9),
('2017-03-26 01:19:15', 2),
('2017-03-26 01:21:01', 9),
('2017-03-26 01:22:56', 4),
('2017-03-26 01:23:34', 25),
('2017-03-26 01:23:48', 14),
('2017-03-26 01:43:59', 4),
('2017-03-26 01:44:08', 4),
('2017-03-26 01:44:17', 4),
('2017-03-26 01:47:08', 15),
('2017-03-26 01:48:55', 4),
('2017-03-26 01:49:05', 4),
('2017-03-26 01:49:18', 4),
('2017-03-26 01:50:01', 25),
('2017-03-26 01:50:24', 9),
('2017-03-26 11:45:04', 4),
('2017-03-26 03:45:28', 25),
('2017-03-26 03:46:15', 4),
('2017-03-26 03:46:24', 4),
('2017-03-26 03:46:33', 4),
('2017-03-26 03:47:11', 4),
('2017-03-26 03:48:04', 25),
('2017-03-26 03:48:32', 4),
('2017-03-26 03:48:47', 25),
('2017-03-26 10:14:58', 15),
('2017-03-26 23:34:51', 4),
('2017-03-26 23:35:01', 4),
('2017-03-26 23:35:09', 4),
('2017-03-26 23:36:09', 6),
('2017-03-26 23:36:42', 9);

-- --------------------------------------------------------

--
-- Table structure for table `last_update_state_system`
--

CREATE TABLE `last_update_state_system` (
  `opcode` int(11) NOT NULL
) ENGINE=InnoDB DEFAULT CHARSET=utf8;

--
-- Dumping data for table `last_update_state_system`
--

INSERT INTO `last_update_state_system` (`opcode`) VALUES
(6);

-- --------------------------------------------------------

--
-- Table structure for table `openning_application`
--

CREATE TABLE `openning_application` (
  `id` int(11) NOT NULL,
  `id_application` int(11) DEFAULT NULL COMMENT 'id приложения',
  `id_window` int(11) DEFAULT NULL COMMENT 'идентификатор открытого приложения в виртуальном пространстве'
) ENGINE=InnoDB DEFAULT CHARSET=utf8 COMMENT='Информация о запущенных приложениях в системе';

--
-- Indexes for dumped tables
--

--
-- Indexes for table `application`
--
ALTER TABLE `application`
  ADD PRIMARY KEY (`id_application`);

--
-- Indexes for table `available_commands`
--
ALTER TABLE `available_commands`
  ADD PRIMARY KEY (`id`);

--
-- Indexes for table `commands`
--
ALTER TABLE `commands`
  ADD PRIMARY KEY (`id_command`);

--
-- Indexes for table `openning_application`
--
ALTER TABLE `openning_application`
  ADD PRIMARY KEY (`id`),
  ADD KEY `fk_openning_application_application1_idx` (`id_application`);

--
-- AUTO_INCREMENT for dumped tables
--

--
-- AUTO_INCREMENT for table `application`
--
ALTER TABLE `application`
  MODIFY `id_application` int(11) NOT NULL AUTO_INCREMENT COMMENT 'id приложения', AUTO_INCREMENT=8;
--
-- AUTO_INCREMENT for table `commands`
--
ALTER TABLE `commands`
  MODIFY `id_command` int(11) NOT NULL AUTO_INCREMENT, AUTO_INCREMENT=48;
/*!40101 SET CHARACTER_SET_CLIENT=@OLD_CHARACTER_SET_CLIENT */;
/*!40101 SET CHARACTER_SET_RESULTS=@OLD_CHARACTER_SET_RESULTS */;
/*!40101 SET COLLATION_CONNECTION=@OLD_COLLATION_CONNECTION */;
